Date,yield_2y10y,yield_3m10y,hy_spread,hy_spread_vel,vix_level,vix_change_30d,aaii_bull_bear,trends_fear,claims_ma4_chg,cfnai_ma3,lei_mom,sector_rotation,crash_label
1995-01-31,0.34,1.6,3.79,0.6299999999999999,12.274285679771786,-13.4220072989079,-14.61060705688299,18.25,0.3762227238525151,0.4233333333333333,-4.694835680751175,-16.02659774072904,0
1995-02-28,0.43,1.28,3.79,0.6299999999999999,11.470000016061883,-6.552606682728412,14.78895692237052,18.25,0.8961911874533213,0.16333333333333325,-17.24137931034482,-16.02659774072904,0
1995-03-31,0.4,1.32,3.79,0.6299999999999999,12.166521735813307,6.072552038152201,-12.229222138786476,18.25,-0.293040293040292,-0.06666666666666675,-6.547619047619035,-16.02659774072904,0
1995-04-30,0.47,1.2,3.79,0.6299999999999999,12.442631570916427,2.2694229386067244,9.140601892737422,18.25,2.164502164502169,-0.2900000000000001,-24.203821656050962,-16.02659774072904,0
1995-05-31,0.41,0.49,3.79,0.6299999999999999,12.265909194946289,-1.4202974263355372,-5.072674852515107,18.25,0.6114130434782705,-0.2000000000000001,-12.605042016806712,-16.02659774072904,0
1995-06-30,0.42,0.61,3.79,0.6299999999999999,11.89681811766191,-3.0090804637331714,7.453731017448973,18.25,-1.080351114112088,-0.10000000000000009,10.576923076923062,-16.02659774072904,0
1995-07-31,0.57,0.85,3.79,0.6299999999999999,12.514000129699706,5.187790600257514,-4.323248162481505,18.25,-0.26560424966799445,-0.1133333333333334,-1.7391304347826098,-16.02659774072904,0
1995-08-31,0.43,0.83,3.79,0.6299999999999999,12.79826085463814,2.271541649290798,20.730514421355597,18.25,0.5645730416372619,0.1266666666666666,43.362831858407105,-16.02659774072904,0
1995-09-30,0.34,0.77,3.79,0.6299999999999999,12.057000017166137,-5.791887240705584,14.78479754731496,18.25,0.0,0.09333333333333327,-7.407407407407418,-16.02659774072904,0
1995-10-31,0.42,0.55,3.79,0.6299999999999999,14.357272711667148,19.07831708738492,-8.16295807219296,18.25,1.5027322404371546,0.19333333333333327,16.666666666666675,-16.02659774072904,0
1995-11-30,0.4,0.28,3.79,0.6299999999999999,12.469047546386719,-13.151698119838606,-3.753486946194904,18.25,0.13280212483399723,-0.0433333333333334,-15.428571428571425,-16.02659774072904,0
1995-12-31,0.4,0.48,3.79,0.6299999999999999,11.74849991798401,-5.7786901984467125,6.530409305821994,18.25,-0.9549795361528002,-0.06333333333333341,-1.3513513513513487,-16.02659774072904,0
1996-01-31,0.67,0.55,3.79,0.6299999999999999,13.473636237057773,14.683885867275803,19.241176099292478,18.25,1.9073569482288777,-0.25666666666666677,0.6849315068493178,-16.02659774072904,0
1996-02-29,0.69,1.11,3.79,0.6299999999999999,15.032999801635743,11.57344266345197,17.74925315420716,18.25,-1.4369693011103801,-0.020000000000000056,-1.3605442176870763,-16.02659774072904,0
1996-03-31,0.55,1.21,3.79,0.6299999999999999,17.762380781627837,18.155930393181464,11.422421323038922,18.25,1.6244314489928469,-0.09000000000000004,-2.0689655172413834,-16.02659774072904,0
1996-04-30,0.63,1.52,3.79,0.6299999999999999,16.575238000778924,-6.68346656590545,14.963267569090752,18.25,-3.36247478143914,0.34333333333333327,17.6056338028169,-16.02659774072904,0
1996-05-31,0.58,1.67,3.79,0.6299999999999999,16.14636369185014,-2.587439823842219,5.3062686822877225,18.25,0.0,0.2266666666666666,7.185628742514982,-16.02659774072904,0
1996-06-30,0.62,1.55,3.79,0.6299999999999999,16.395000171661376,1.5398914861352697,15.02921795184319,18.25,-0.21834061135370675,0.38999999999999996,16.201117318435763,-16.02659774072904,0
1996-07-31,0.58,1.48,3.79,0.6299999999999999,17.97863635149869,9.659262965880377,16.372332291787842,18.25,-0.7363770250368162,0.2666666666666666,-3.8461538461538547,-16.02659774072904,0
1996-08-31,0.62,1.67,3.79,0.6299999999999999,15.760454698042436,-12.33787485373632,-3.8111728435843446,18.25,0.22556390977443996,0.20999999999999994,0.0,-16.02659774072904,0
1996-09-30,0.62,1.58,3.79,0.6299999999999999,16.578000020980834,5.187320661756956,26.64629661432623,18.25,1.4053254437869755,0.19333333333333327,-13.5,-16.02659774072904,0
1996-10-31,0.6,1.2,3.79,0.6299999999999999,16.381739201753035,-1.1838630653843274,2.5915649839169888,18.25,0.2958579881656709,0.18999999999999995,-5.780346820809257,-16.02659774072904,0
1996-11-30,0.47,0.93,3.79,0.6299999999999999,15.996999740600586,-2.3485873899840692,1.2116183648794134,18.25,-0.1481481481481528,0.27999999999999997,-9.202453987730053,-16.02659774072904,0
1996-12-31,0.55,1.22,3.79,0.6299999999999999,19.260952449980238,20.403530426369265,-3.137285160385588,18.25,1.7998560115190854,0.19999999999999996,-2.0270270270270285,-16.02659774072904,0
1997-01-31,0.59,1.38,3.79,0.6299999999999999,19.473181551153008,1.1018619236194072,12.269393299821232,18.25,-1.238164603059,0.27333333333333326,11.03448275862069,-16.02659774072904,0
1997-02-28,0.47,1.34,3.79,0.6299999999999999,20.139473563746403,3.4215878429682878,21.036375044743323,18.25,-1.3835511145272816,0.3833333333333333,13.043478260869556,-16.02659774072904,0
1997-03-31,0.47,1.57,3.79,0.6299999999999999,20.169999980926512,0.1515750502786739,16.874459178136064,18.25,0.3144654088050425,0.4633333333333332,10.439560439560424,-16.02659774072904,0
1997-04-30,0.43,1.44,3.79,0.6299999999999999,19.662272626703437,-2.517240231547846,14.05150370484104,18.25,0.92592592592593,0.3999999999999999,-4.975124378109442,-16.02659774072904,0
1997-05-31,0.45,1.71,3.79,0.6299999999999999,19.9247620900472,1.3349904577524496,-10.246769519153766,18.25,-1.6178736517719616,0.19999999999999996,6.806282722513091,-16.02659774072904,0
1997-06-30,0.43,1.26,3.79,0.6299999999999999,20.194285983131046,1.3527082123528933,5.593974010159169,18.25,0.0768639508070823,0.22666666666666666,-4.90196078431373,-16.02659774072904,0
1997-07-31,0.28,0.77,3.79,0.6299999999999999,20.529090881347656,1.6579189702289332,7.272439379058703,18.25,-1.233616037008478,0.4166666666666667,4.639175257731942,-16.02659774072904,0
1997-08-31,0.37,1.1,3.79,0.6299999999999999,23.084762028285436,12.4490225198419,19.79481322378377,18.25,0.909780136467031,0.43999999999999995,-22.167487684729046,-16.02659774072904,0
1997-09-30,0.32,1.06,3.79,0.6299999999999999,23.812380836123513,3.1519441566975503,14.660242958704108,18.25,-1.1755485893416906,0.5233333333333333,22.151898734177202,-16.02659774072904,0
1997-10-31,0.21,0.63,3.79,0.6299999999999999,23.870869760927945,0.24562401049670335,5.97840576593925,18.25,-0.8792965627497984,0.4533333333333333,4.663212435233155,-16.02659774072904,0
1997-11-30,0.1,0.64,3.79,0.6299999999999999,32.034737034847865,34.20012490404773,28.233600687476503,18.25,0.3984063745019917,0.5599999999999999,1.4851485148514865,-16.02659774072904,0
1997-12-31,0.09,0.39,3.79,0.6299999999999999,26.276363719593395,-17.975403728116845,3.4192852868861934,18.25,-1.1829652996845463,0.37000000000000005,1.9512195121951237,-16.02659774072904,0
1998-01-31,0.21,0.34,3.79,0.6299999999999999,23.866499996185304,-9.17122227841266,-16.52308601254351,18.25,0.23237800154918276,0.3266666666666667,-10.047846889952151,-16.02659774072904,0
1998-02-28,0.07,0.3,3.79,0.6299999999999999,19.99894724394146,-16.204943133102944,27.701232883198767,18.25,0.15698587127157548,0.2333333333333333,-0.5319148936170137,-16.02659774072904,0
1998-03-31,0.07,0.51,3.79,0.6299999999999999,20.158636353232644,0.7984875770876476,-7.80632035227039,18.25,-0.39525691699604515,0.21,-11.229946524064182,-16.02659774072904,1
1998-04-30,0.09,0.68,3.79,0.6299999999999999,22.028571446736652,9.276099140526162,18.39210197765256,18.25,-0.08032128514056103,0.18666666666666668,13.25301204819278,-16.02659774072904,1
1998-05-31,0.03,0.53,3.79,0.6299999999999999,20.873999786376952,-5.241246184081261,22.912228268193623,18.25,1.4586709886547755,0.17,5.319148936170226,-16.02659774072904,1
1998-06-30,-0.05,0.34,3.79,0.6299999999999999,21.662727269259367,3.7785162927766347,2.4918434108634813,18.25,4.160246533127898,0.026666666666666672,-15.151515151515149,-16.02659774072904,1
1998-07-31,0.01,0.4,3.79,0.6299999999999999,19.929999871687457,-7.998657676084708,8.472828431699597,18.25,-2.9861616897305154,-0.20999999999999996,-0.5952380952380931,-16.02659774072904,0
1998-08-31,0.14,0.09,3.79,0.6299999999999999,31.58809498378209,58.495209167844074,9.467117957700792,18.25,-1.3567438148443745,0.050000000000000044,1.1976047904191711,-16.02659774072904,0
1998-09-30,0.14,0.07,3.79,0.6299999999999999,38.204762231735955,20.94671189051125,11.879559151002184,18.25,-1.2987012987012991,0.19333333333333336,15.384615384615397,-16.02659774072904,0
1998-10-31,0.52,0.31,3.79,0.6299999999999999,36.608181953430176,-4.179008545116747,-3.968946949455912,18.25,0.48192771084336616,0.44333333333333336,-13.33333333333333,-16.02659774072904,0
1998-11-30,0.2,0.17,3.79,0.6299999999999999,26.223000144958498,-28.368471894296267,11.567423475304018,18.25,0.15847860538826808,0.10666666666666667,2.9585798816567976,-16.02659774072904,0
1998-12-31,0.11,0.17,3.79,0.6299999999999999,25.479090777310457,-2.8368583439567274,-3.510384152805287,18.25,2.100161550888524,0.19333333333333336,8.620689655172399,-16.02659774072904,0
1999-01-31,0.08,0.18,3.79,0.6299999999999999,28.03526316191021,10.032431717995461,10.54948270624731,18.25,-1.9607843137254943,0.13666666666666666,-12.169312169312175,-16.02659774072904,0
1999-02-28,0.16,0.63,3.79,0.6299999999999999,28.82263153477719,2.8084928909700047,6.155632174867945,18.25,-0.33057851239669533,0.3,12.650602409638555,-16.02659774072904,0
1999-03-31,0.26,0.76,3.79,0.6299999999999999,25.309565419736117,-12.188568246456722,11.053491645079523,18.25,-0.24711696869851307,0.19000000000000003,-0.5347593582887722,-16.02659774072904,0
1999-04-30,0.28,0.81,3.79,0.6299999999999999,23.478571483067103,-7.23439500561801,-14.129695972529971,18.25,-0.5640612409347323,0.15333333333333335,-3.2258064516129115,-4.666031049647201,0
1999-05-31,0.22,0.98,3.79,0.6299999999999999,26.204500198364258,11.61028351858251,3.158849232484606,18.25,0.5809128630705374,0.16,-6.666666666666677,-8.079303316999765,0
1999-06-30,0.28,1.03,3.79,0.6299999999999999,23.626363667574797,-9.838525868737591,-13.4447766755842,18.25,-1.0101010101010055,0.16,-0.5952380952380931,-5.665705550651845,0
1999-07-31,0.29,1.17,3.79,0.6299999999999999,21.049047470092773,-10.90864524793197,5.166681182345158,18.25,1.092436974789912,0.22,11.377245508982048,-2.6789057673972216,0
1999-08-31,0.25,1.0,3.79,0.6299999999999999,24.323636228388008,15.556945096674246,-19.329386247260643,18.25,-0.8525149190110826,0.14666666666666667,-6.451612903225811,-5.077704729975563,0
1999-09-30,0.27,1.02,3.79,0.6299999999999999,24.541428611392067,0.8953940149371009,33.575726523395545,18.25,1.4010507880910739,0.11,-6.896551724137923,-4.078091601329414,0
1999-10-31,0.23,0.9,3.79,0.6299999999999999,24.021428516932897,-2.1188664388420597,23.68056270002913,18.25,-2.0565552699228773,0.3,4.320987654320985,-4.8790187495528325,0
1999-11-30,0.17,0.88,3.79,0.6299999999999999,21.81809525262742,-9.172365676555538,-6.899396812540445,18.25,0.2669039145907437,0.3066666666666667,15.976331360946737,-10.977395870491947,0
1999-12-31,0.21,1.12,3.79,0.6299999999999999,22.15909090909091,1.5629029597458821,9.822971868705563,18.25,-1.763668430335097,0.57,-3.0612244897959218,-26.82217603442163,0
2000-01-31,0.07,0.92,3.79,0.6299999999999999,23.201999855041503,4.706460884289854,-16.232592568587435,18.25,-0.08643042350907626,0.3733333333333333,-15.263157894736834,-16.22495415614513,0
2000-02-29,-0.11,0.64,3.79,0.6299999999999999,23.595500183105468,1.695975909501013,-1.997542353267768,18.25,-0.4237288135593209,0.17666666666666667,-8.074534161490687,-25.57555031634343,0
2000-03-31,-0.47,0.15,3.79,0.6299999999999999,22.718260806539785,-3.71782488083805,18.46912416442798,18.25,-0.722673893405601,0.12333333333333334,27.027027027027017,-12.388707704292411,0
2000-04-30,-0.45,0.41,3.79,0.6299999999999999,27.16421077125951,19.569939805602953,29.368192001907968,18.25,2.3430178069353325,0.21,13.297872340425542,-8.90308442071045,0
2000-05-31,-0.4,0.66,3.79,0.6299999999999999,26.373181863264605,-2.912026101755305,-3.538599090474385,18.25,-0.9649122807017574,0.17,-13.145539906103277,23.621189936729447,0
2000-06-30,-0.35,0.15,3.79,0.6299999999999999,21.539999961853027,-18.326123584442243,5.714871518487254,18.25,1.3937282229965264,0.06333333333333334,-31.8918918918919,25.00383952950832,1
2000-07-31,-0.26,-0.23,3.79,0.6299999999999999,19.89300012588501,-7.646238806336236,-1.3833719897771315,18.25,1.4443500424808908,-0.17333333333333334,-21.42857142857143,12.947797984553489,1
2000-08-31,-0.45,-0.58,3.79,0.6299999999999999,18.08869569197945,-9.070046863156545,-11.05014581242121,18.25,1.1317704122878025,-0.17666666666666667,6.060606060606055,-5.729803958065505,1
2000-09-30,-0.18,-0.43,3.79,0.6299999999999999,19.6875,8.838693155358147,6.391161900363869,18.25,-0.7444168734491274,-0.09666666666666666,0.952380952380949,15.825811019669855,1
2000-10-31,-0.17,-0.61,3.79,0.6299999999999999,25.200000069358133,28.000000352295285,34.56429419469474,18.25,0.7531380753138084,-0.17333333333333334,12.264150943396213,26.173007394100733,1
2000-11-30,-0.13,-0.73,3.79,0.6299999999999999,26.382857095627557,4.693877075451747,12.646255835060696,18.25,4.290171606864268,-0.17333333333333334,-18.487394957983195,44.700162760583574,1
2000-12-31,0.01,-0.77,3.79,0.6299999999999999,26.530499839782713,0.5596162069180455,15.527588871653665,18.25,1.089324618736387,-0.3833333333333333,-17.525773195876283,31.29613567837034,1
2001-01-31,0.57,0.2,3.79,0.6299999999999999,24.91857147216797,-6.0757557428211095,30.446990539605267,18.25,0.6661732050333047,-0.43,18.74999999999998,0.7579337147061271,1
2001-02-28,0.51,0.07,3.79,0.6299999999999999,23.411579132080078,-6.047667466696794,30.523458045170827,18.25,1.642710472279263,-0.5,-30.526315789473678,3.1350693414781694,0
2001-03-31,0.75,0.63,3.79,0.6299999999999999,28.496818369085137,21.72104328510216,5.62386341825183,18.25,0.25839793281654533,-0.64,-30.303030303030297,-0.21236829470292484,1
2001-04-30,1.05,1.4,3.79,0.6299999999999999,28.13399991989136,-1.2731893241365588,19.28193485492492,18.25,1.1472275334607929,-0.7166666666666667,-43.47826086956522,13.307493452710284,1
2001-05-31,1.21,1.8,3.79,0.6299999999999999,22.944090929898348,-18.44710672058981,12.058158615904286,18.25,-0.06333122229259525,-0.6699999999999999,69.23076923076923,-3.286432215078483,1
2001-06-30,1.17,1.77,3.79,0.6299999999999999,20.94047619047619,-8.732595880760119,-18.82750252704308,18.25,-0.7537688442211032,-0.7466666666666667,36.36363636363635,-10.65108010794561,1
2001-07-31,1.28,1.53,3.79,0.6299999999999999,22.31619053795224,6.569642136895304,6.005957267711409,18.25,-0.3754693366708417,-0.6233333333333333,-53.33333333333332,-0.29954909968349375,1
2001-08-31,1.21,1.48,3.79,0.6299999999999999,21.86173903423807,-2.0364206110415894,-11.358259335646878,18.25,0.44164037854890204,-0.6233333333333333,39.28571428571428,7.107283085731108,0
2001-09-30,1.74,2.2,3.79,0.6299999999999999,35.065333429972334,60.3959016025938,-11.271607024991994,18.25,6.936067551266589,-0.6900000000000001,-120.51282051282051,24.738649872862737,0
2001-10-31,1.86,2.25,3.79,0.6299999999999999,32.721304603244945,-6.684747006351898,15.10068070794231,18.25,-1.7373530914665314,-0.5766666666666667,300.0,13.986158601291898,0
2001-11-30,1.94,3.0,3.79,0.6299999999999999,26.63095238095238,-18.612803786828813,7.757168492140309,18.25,0.44893378226711356,-0.7033333333333335,25.0,-5.162137417737123,0
2001-12-31,2.0,3.33,3.79,0.6299999999999999,23.720000076293946,-10.930710486871186,10.074372498151536,18.25,-2.645820805772703,-0.4366666666666667,-87.5,-24.600425888815725,1
2002-01-31,1.91,3.31,3.79,0.6299999999999999,22.252857208251953,-6.185256590737842,4.003882840534644,18.25,-0.4265691651432091,-0.39333333333333337,-1160.0,-16.516382351154,1
2002-02-28,1.82,3.09,3.79,0.6299999999999999,22.875789843107526,2.799337761555276,-1.7817016542113464,18.25,-0.992555831265507,-0.15666666666666668,33.96226415094339,2.3001566596256073,1
2002-03-31,1.7,3.63,3.79,0.6299999999999999,18.98499994277954,-17.008330322199903,26.4340194584694,18.25,5.444305381727155,-0.06,-28.169014084507037,4.114477158743424,1
2002-04-30,1.87,3.34,3.79,0.6299999999999999,19.900454607876863,4.82198929605735,12.832783008629534,18.25,-3.6475869809203143,0.00999999999999999,19.6078431372549,8.873289664608953,1
2002-05-31,1.86,3.34,3.79,0.6299999999999999,20.08772711320357,0.941046368119558,35.244499572102846,18.25,-0.6678809957498477,0.06666666666666667,19.672131147540984,3.08431093263013,1
2002-06-30,1.96,3.16,3.79,0.6299999999999999,25.270999908447266,25.803182042615227,-20.55116860306292,18.25,0.5161290322580614,0.17333333333333334,35.616438356164394,2.0485969289590567,1
2002-07-31,2.28,2.8,3.79,0.6299999999999999,34.049544941295274,34.73762441000061,-13.09543890371927,18.25,0.2597402597402487,0.02999999999999999,13.13131313131315,3.2862484537172776,1
2002-08-31,2.0,2.45,3.79,0.6299999999999999,33.742727366360754,-0.9010915577976286,8.58199729724268,18.25,0.3811944091486552,-0.013333333333333345,-18.75,2.685067143665376,1
2002-09-30,1.91,2.06,3.79,0.6299999999999999,37.6475004196167,11.572191574379787,3.035859183184968,18.25,0.9242144177449063,-0.22333333333333336,6.593406593406592,6.228046503669715,0
2002-10-31,2.25,2.49,3.79,0.6299999999999999,35.243043484895125,-6.386763816778396,-2.1674854160721253,18.25,0.0,-0.25,-9.278350515463918,-6.279520872293698,0
2002-11-30,2.14,3.0,3.79,0.6299999999999999,28.174999713897705,-20.055145844673504,-8.862308788073541,18.25,-1.7676767676767624,-0.18333333333333332,-18.181818181818187,-16.265076103468,0
2002-12-31,2.22,2.61,3.79,0.6299999999999999,28.21047628493536,0.12591507150985226,-8.26140295630286,18.25,1.9692307692307676,-0.26666666666666666,-8.333333333333325,-8.08969574857834,0
2003-01-31,2.28,2.82,3.79,0.6299999999999999,27.424285707019624,-2.786874528366501,-12.13456451800834,18.25,-0.12642225031606058,-0.01999999999999998,37.87878787878787,2.041379469773208,0
2003-02-28,2.18,2.51,3.79,0.6299999999999999,32.218421032554225,17.48134983988836,12.926800035552446,18.25,0.8588957055214674,-0.2233333333333333,-24.17582417582418,7.43152961778849,0
2003-03-31,2.32,2.69,3.79,0.6299999999999999,30.634285699753534,-4.916862099480435,13.498382225787076,18.25,0.0,-0.08666666666666666,-31.88405797101449,-3.16348023434575,0
2003-04-30,2.38,2.76,3.79,0.6299999999999999,23.991904758271716,-21.682832779532568,-9.294827019298369,18.25,0.4605641911341385,-0.4266666666666666,-44.680851063829785,-9.43529523301876,0
2003-05-31,2.04,2.26,3.79,0.6299999999999999,20.23952375139509,-15.640196327400446,12.366988283989317,18.25,0.1776198934280604,-0.26666666666666666,80.76923076923075,-6.062358744311047,0
2003-06-30,2.22,2.64,3.79,0.6299999999999999,20.362380799793062,0.6070155103798047,-26.592057210406963,18.25,-0.1184132622853773,-0.16,19.14893617021278,-6.814667234354177,0
2003-07-31,2.69,3.53,3.79,0.6299999999999999,19.16136360168457,-5.898215979345089,-1.5965987130214645,18.25,-1.8485390578413807,0.08,66.07142857142856,-5.021193426623194,0
2003-08-31,2.5,3.47,3.79,0.6299999999999999,19.27428572518485,0.5893219597917998,11.009431713768253,18.25,0.37641154328733606,0.026666666666666672,21.505376344086002,-8.028487021583741,0
2003-09-30,2.46,3.01,3.79,0.6299999999999999,19.53238096691313,1.3390651431043121,-6.067141884136152,18.25,-1.2484394506866447,0.09666666666666666,31.85840707964602,-3.1539097663009885,0
2003-10-31,2.48,3.37,3.79,0.6299999999999999,18.0234783006751,-7.725134323327165,25.811021761285676,18.25,-0.520833333333337,0.11333333333333333,4.697986577181212,-3.6410665523706864,0
2003-11-30,2.28,3.41,3.79,0.6299999999999999,17.401052575362357,-3.4534162325894124,-4.962889534773545,18.25,-0.4115226337448541,0.3233333333333333,-1.9230769230769273,-0.4990598762277365,0
2003-12-31,2.43,3.32,3.79,0.6299999999999999,16.826363650235262,-3.302610130267525,-14.789368641510336,18.25,-0.5551700208188737,0.22,16.33986928104576,-6.012662149891024,0
2004-01-31,2.32,3.24,3.79,0.6299999999999999,16.100999975204466,-4.310876016403309,-1.6317870135322965,18.25,1.403508771929829,0.18999999999999997,-15.168539325842701,-1.417834544994756,0
2004-02-29,2.33,3.03,3.79,0.6299999999999999,15.998421167072497,-0.6370958840441032,11.185549754529308,18.25,-1.90346702923182,0.18333333333333335,-2.6490066225165587,3.2038453423628654,0
2004-03-31,2.26,2.91,3.79,0.6299999999999999,17.687391198199727,10.557104438551846,1.505774686761491,18.25,-0.5813953488372103,0.35333333333333333,9.523809523809534,5.16192841425529,0
2004-04-30,2.22,3.55,3.79,0.6299999999999999,15.6985715230306,-11.244279345003438,33.40068944836789,18.25,-0.0717360114777632,0.36333333333333334,1.8633540372670732,7.534157996184221,0
2004-05-31,2.12,3.58,3.79,0.6299999999999999,17.704999876022338,12.780961312615013,18.07852978527565,18.25,0.9672619047619069,0.39666666666666667,9.756097560975618,1.4481073841863368,0
2004-06-30,1.92,3.29,3.79,0.6299999999999999,15.35714290255592,-13.260982716221825,31.20712437171792,18.25,0.7942238267147905,0.12,-15.000000000000002,-0.41776647008011647,0
2004-07-31,1.82,3.05,3.79,0.6299999999999999,15.502380916050502,0.9457358990285325,-8.626438483669638,18.25,1.091703056768556,0.25,2.614379084967333,-0.45405881893813005,0
2004-08-31,1.72,2.54,3.79,0.6299999999999999,16.684090744365346,7.622763462684312,12.028825127655423,18.25,0.8136094674556116,0.1633333333333333,-6.369426751592366,5.601439808554954,0
2004-09-30,1.51,2.43,3.79,0.6299999999999999,14.08095241728283,-15.602518392928689,26.68698175406656,18.25,-0.07407407407407085,0.3133333333333333,-6.1224489795918435,1.5482074566322335,0
2004-10-31,1.49,2.14,3.79,0.6299999999999999,14.973809560139975,6.340886016781511,32.65165746273445,18.25,-0.22421524663677195,0.3033333333333333,0.0,-2.334205366582287,0
2004-11-30,1.34,2.13,3.79,0.6299999999999999,13.577142897106352,-9.327396995561676,1.1139587747055053,18.25,0.22865853658535773,0.21666666666666665,8.69565217391306,-8.506386531193865,0
2004-12-31,1.16,2.02,3.79,0.6299999999999999,12.459545438939875,-8.231462735835727,-5.859707226144145,18.25,-1.1398176291793294,0.44333333333333336,-8.666666666666655,-4.438589455246156,0
2005-01-31,0.85,1.63,3.79,0.6299999999999999,13.43799991607666,7.8530511560944705,19.264768388440288,14.5,-1.8037518037518074,0.35999999999999993,-15.328467153284686,4.725231252286055,0
2005-02-28,0.77,1.6,3.79,0.6299999999999999,11.708947482861971,-12.866888257277953,-18.535821044964937,14.5,-1.3449367088607556,0.48,32.75862068965518,6.869751011891456,0
2005-03-31,0.7,1.71,3.79,0.6299999999999999,13.126363667574795,12.105410727885268,1.196223359892251,14.5,2.1538461538461506,0.10333333333333329,-9.740259740259749,8.374616198912177,0
2005-04-30,0.55,1.31,3.79,0.6299999999999999,14.459047589983259,10.152727413003992,-9.872234643468328,14.5,-0.07800312012480326,0.22999999999999995,17.985611510791365,7.790987383580761,0
2005-05-31,0.4,1.01,3.79,0.6299999999999999,13.967618987673806,-3.3987619118834522,8.586160042360454,14.5,0.4608294930875667,0.08999999999999993,-20.12195121951219,2.33028753092428,0
2005-06-30,0.28,0.81,3.79,0.6299999999999999,11.868636348030783,-15.027490666056542,-13.1458355315199,14.5,-2.177177177177181,0.3199999999999999,27.48091603053433,2.671165200531722,0
2005-07-31,0.26,0.86,3.79,0.6299999999999999,11.049000024795532,-6.905901395919367,0.3208462667890828,14.5,-0.8422664624808562,0.11333333333333329,0.5988023952095745,-6.417222225121644,0
2005-08-31,0.18,0.5,3.79,0.6299999999999999,12.951304394265879,17.21698221740704,-20.96028476696364,14.5,0.15860428231562196,0.18999999999999995,5.952380952380953,0.46625307578305186,0
2005-09-30,0.16,0.79,3.79,0.6299999999999999,12.628095263526554,-2.4955720358362132,11.081584613280189,14.5,2.7516778523489993,-0.15333333333333338,-26.96629213483146,3.0615304556994127,0
2005-10-31,0.17,0.59,3.79,0.6299999999999999,14.937618982224237,18.288773330434303,1.9930821555659504,14.5,-4.308547602501733,0.07999999999999996,3.8461538461538547,4.895943099935673,0
2005-11-30,0.07,0.54,3.79,0.6299999999999999,12.147619111197335,-18.677674630387887,28.92215930715196,14.5,-0.8593749999999956,0.25999999999999995,11.851851851851848,-0.752458041195081,0
2005-12-31,-0.02,0.31,3.79,0.6299999999999999,11.260000001816522,-7.306938925691453,24.87768078190528,14.5,-1.4843750000000044,0.5766666666666667,12.58278145695364,-2.7157959167660506,0
2006-01-31,-0.01,0.06,3.79,0.6299999999999999,12.03600001335144,6.89165196633863,33.34376845992041,12.75,-1.6625103906899419,0.52,8.823529411764719,-3.6387199520547586,0
2006-02-28,-0.14,-0.07,3.79,0.6299999999999999,12.47105262154027,3.6145946137107865,19.842245476795668,12.75,0.954861111111116,0.3033333333333333,-12.432432432432428,1.265383880443638,0
2006-03-31,0.04,0.23,3.79,0.6299999999999999,11.693913003672725,-6.231547900978729,-26.896534711789677,12.75,0.16597510373443924,0.26999999999999996,-2.4691358024691357,-3.404991110458533,0
2006-04-30,0.2,0.3,3.79,0.6299999999999999,11.847368441129985,1.3122676507774989,7.7978957855730044,12.75,2.506265664160412,0.07999999999999997,-9.493670886075956,-1.0295259443435567,0
2006-05-31,0.08,0.26,3.79,0.6299999999999999,14.454545411196621,22.00638042972829,9.240666354421728,12.75,0.6807866868381307,0.053333333333333295,-24.47552447552447,2.8069187742333024,0
2006-06-30,-0.01,0.14,3.79,0.6299999999999999,16.91863627867265,17.04716957454313,11.135036118362317,12.75,-1.6894609814963824,-0.013333333333333369,4.629629629629606,7.55223505085435,0
2006-07-31,0.02,-0.11,3.79,0.6299999999999999,15.325999879837036,-9.413503385277366,-13.297307301053202,12.75,-0.3897116134060741,-0.07666666666666672,-36.283185840707965,12.32431267064441,0
2006-08-31,-0.05,-0.31,3.79,0.6299999999999999,13.351739137069039,-12.881774489410935,17.040962126136165,12.75,0.23923444976077235,-0.02333333333333339,40.27777777777779,8.000647713691977,0
2006-09-30,-0.07,-0.25,3.79,0.6299999999999999,12.184499979019165,-8.742225608716502,10.67566031541446,12.75,-0.4716981132075526,-0.03333333333333339,-12.871287128712872,-0.5264954833785973,0
2006-10-31,-0.1,-0.47,3.79,0.6299999999999999,11.306363625959916,-7.206995400478777,8.02121800005865,12.75,1.528559935639584,-0.030000000000000044,22.72727272727273,-9.57695417115978,0
2006-11-30,-0.16,-0.57,3.79,0.6299999999999999,10.817619051252093,-4.322738865267373,-14.49298893863712,12.75,1.6355140186915973,-0.1266666666666667,-24.07407407407408,-10.396938247313958,0
2006-12-31,-0.11,-0.31,3.79,0.6299999999999999,10.964500045776367,1.3577941118870562,22.156757013291948,12.75,1.0946051602814588,0.12999999999999998,21.95121951219512,-3.2152516333946224,0
2007-01-31,-0.11,-0.29,3.79,0.6299999999999999,11.042500066757203,0.7113869365241277,7.177413321765954,24.75,-2.5345622119815614,0.05999999999999998,28.000000000000004,-2.1420376252564877,0
2007-02-28,-0.09,-0.6,3.79,0.6299999999999999,11.155263097662674,1.0211730153838694,3.72110197693209,24.75,1.0963194988253822,0.1633333333333333,-14.84375,3.3373635617429454,0
2007-03-31,0.07,-0.39,3.79,0.6299999999999999,15.162727269259365,35.92442541706043,5.608983750907306,24.75,-1.0483870967741948,-0.013333333333333364,22.935779816513758,5.181638559634683,0
2007-04-30,0.03,-0.28,3.79,0.6299999999999999,12.93299994468689,-14.705318409920787,-14.046034281181392,24.75,-0.4662004662004615,0.11666666666666663,-22.388059701492537,7.086688786128148,0
2007-05-31,-0.02,0.17,3.79,0.6299999999999999,13.297727324745871,2.8201297581294638,19.61290203877189,24.75,0.7450331125827825,0.06666666666666664,16.346153846153832,0.19910814279664457,0
2007-06-30,0.16,0.21,3.79,0.6299999999999999,14.947618938627697,12.407320240440821,28.654163428840963,24.75,0.3177124702144596,-0.020000000000000035,-42.14876033057852,-4.518293314695487,0
2007-07-31,0.22,-0.18,3.79,0.6299999999999999,17.273333277021134,15.55909571914038,9.870937739519192,24.75,-0.9486166007905084,-0.12333333333333336,-27.142857142857135,-4.178084294060835,1
2007-08-31,0.39,0.53,3.79,0.6299999999999999,25.026086724322774,44.88278737500651,-28.070058458849868,24.75,1.9108280254777066,-0.16333333333333336,7.843137254901977,-0.6706129256313198,1
2007-09-30,0.62,0.77,3.79,0.6299999999999999,22.19894740456029,-11.29676945063407,-12.429040131612282,24.75,0.23999999999999577,-0.18333333333333338,-27.27272727272727,4.523843696066477,1
2007-10-31,0.54,0.54,3.79,0.6299999999999999,19.115652084350586,-13.889376212388827,-0.0805371568833379,24.75,0.8448540706605279,-0.14000000000000004,52.49999999999999,5.9828563745227825,1
2007-11-30,0.93,0.82,3.79,0.6299999999999999,25.582380930582683,33.829496465497066,-27.038803500123358,24.75,1.8181818181818077,-0.1433333333333334,-29.508196721311474,13.574556879101053,1
2007-12-31,0.99,0.68,3.79,0.6299999999999999,21.651000022888184,-15.367533297085323,2.220738783129672,24.75,1.1585807385952274,-0.2666666666666667,-41.860465116279066,11.288036596212525,0
2008-01-31,1.5,1.71,3.79,0.6299999999999999,25.816190719604492,19.23786749948322,-8.831768474114305,68.5,0.4447739065974732,-0.25333333333333335,63.99999999999999,8.63981634098041,0
2008-02-29,1.88,1.68,3.79,0.6299999999999999,25.456000137329102,-1.3952119667363094,0.2149707152806144,68.5,-0.85775553967119,-0.4933333333333334,-21.95121951219512,3.257479057072099,0
2008-03-31,1.83,2.07,3.79,0.6299999999999999,27.103500080108642,6.471951343069082,-4.383028149359109,68.5,2.9370629370629286,-0.6066666666666668,-40.625,4.952106272746571,1
2008-04-30,1.48,2.34,3.79,0.6299999999999999,21.562727321277965,-20.443015634342633,-10.420243640929035,68.5,-1.1683848797250818,-0.7533333333333334,-5.263157894736848,3.2506754330868137,1
2008-05-31,1.4,2.17,3.79,0.6299999999999999,18.303333009992325,-15.115872230454308,-11.225991269350622,68.5,-0.5434782608695676,-0.7666666666666667,-100.0,-0.4318396707629235,1
2008-06-30,1.36,2.09,3.79,0.6299999999999999,22.11047617594401,20.80027262724913,9.998741522726895,68.5,1.9960079840319445,-0.7433333333333335,-100.0,3.7114141115199395,1
2008-07-31,1.47,2.31,3.79,0.6299999999999999,24.32136362249201,9.999275587530887,9.720276776901883,68.5,2.709677419354839,-0.9233333333333333,241.66666666666666,5.863518503587873,1
2008-08-31,1.47,2.11,3.79,0.6299999999999999,20.695714133126394,-14.90726237904142,16.074641692113143,68.5,-0.34822983168891763,-1.0633333333333335,92.68292682926831,3.695160925147445,1
2008-09-30,1.85,2.93,3.79,0.6299999999999999,30.238571348644438,46.11030648245842,-13.647062265304893,68.5,2.2589531680440755,-1.6833333333333336,-24.050632911392412,2.0548519972456325,1
2008-10-31,2.45,3.55,3.79,0.6299999999999999,61.1773912181025,102.31574604745677,-19.126196327688763,68.5,-0.15756302521008347,-1.656666666666667,96.66666666666666,5.923604008082794,1
2008-11-30,1.93,2.92,3.79,0.6299999999999999,62.639473362972865,2.3899060024608065,-10.040314883123756,68.5,1.8840579710144967,-2.02,50.0,16.773116616582897,1
2008-12-31,1.49,2.14,3.79,0.6299999999999999,52.405000166459516,-16.338696108136663,6.886907380869729,68.5,0.1776198934280604,-2.0533333333333332,6.214689265536721,9.689503781615738,1
2009-01-31,1.93,2.63,3.79,0.6299999999999999,44.68300018310547,-14.73523510891297,-0.7927385069695312,49.75,5.647691618108475,-2.69,23.404255319148938,9.413121721477392,1
2009-02-28,2.02,2.76,3.79,0.6299999999999999,45.57052592227333,1.9862715921735052,-5.355942162027787,49.75,0.9009009009008917,-2.3200000000000003,-1.2931034482758563,-3.8379770324319273,0
2009-03-31,1.9,2.5,3.79,0.6299999999999999,44.7954548922452,-1.700816513178094,21.349450387718267,49.75,0.4954268292682862,-2.2100000000000004,15.720524017467241,-6.894689485492322,0
2009-04-30,2.25,3.02,3.79,0.6299999999999999,38.063809349423366,-15.027519106602917,-0.8216404015140952,49.75,-1.7605633802816878,-1.7333333333333336,-16.603773584905657,-23.635813868855426,0
2009-05-31,2.55,3.33,3.79,0.6299999999999999,31.97799997329712,-15.988440148643301,-16.095541334701156,49.75,0.20383204239706743,-1.72,-41.628959276018094,-17.91294535210495,0
2009-06-30,2.42,3.34,3.79,0.6299999999999999,29.140454725785688,-8.873429388582444,22.72111878991666,49.75,-0.5403158769742289,-1.246666666666667,-40.31007751937985,-7.581369133288218,0
2009-07-31,2.39,3.34,3.79,0.6299999999999999,26.16272735595703,-10.218534329163154,9.608515845704504,49.75,-0.30796304443466704,-0.6633333333333336,-72.72727272727273,1.229743448452525,0
2009-08-31,2.43,3.25,3.79,0.6299999999999999,25.33714285350981,-3.1555750714164055,20.242619228636983,49.75,0.40322580645162365,-0.266666666666667,-71.42857142857143,-4.829415502108492,0
2009-09-30,2.36,3.17,3.79,0.6299999999999999,24.926666713896253,-1.6200569337544546,19.48363060792454,49.75,-0.4545454545454519,-0.02666666666666696,-600.0,-7.799328728333754,0
2009-10-31,2.51,3.36,3.79,0.6299999999999999,24.252272865988992,-2.705511553742146,-17.099628044941163,49.75,-0.5225653206650804,-0.1700000000000003,-43.33333333333332,-2.131026255291313,0
2009-11-30,2.54,3.15,3.79,0.6299999999999999,23.783499908447265,-1.9329031968757349,21.33181760266801,49.75,-2.3232822540781073,-0.14666666666666694,170.58823529411762,-2.7648146210130564,0
2009-12-31,2.71,3.79,3.79,0.6299999999999999,21.239545475352894,-10.696299715715208,-5.060521127367835,49.75,-0.35915854284248594,-0.1733333333333336,41.30434782608696,-3.87361241036579,1
2010-01-31,2.81,3.55,3.79,0.6299999999999999,20.643157758210833,-2.8079118634347866,32.80621843714979,38.5,2.1019442984760994,-0.023333333333333622,-16.92307692307692,-2.3335088255887593,1
2010-02-28,2.8,3.48,3.79,0.6299999999999999,22.540000012046413,9.188721396469045,-0.2312546213262969,38.5,-0.4100461301896452,-0.16000000000000028,40.74074074074075,-3.2003886605929344,1
2010-03-31,2.82,3.68,3.79,0.6299999999999999,17.767391287762187,-21.173951737948194,-1.872518649624812,38.5,-1.5183246073298462,0.09666666666666636,44.736842105263165,-3.724851044499222,1
2010-04-30,2.72,3.53,3.79,0.6299999999999999,17.42428566160656,-1.9310973715761515,21.816203073427303,38.5,-0.5302226935312793,0.1766666666666664,3.6363636363636154,-11.771198717257004,0
2010-05-31,2.55,3.15,3.79,0.6299999999999999,31.929500007629393,83.24711054286868,-18.563917666740267,38.5,0.38064165307232223,0.39333333333333304,24.56140350877194,-5.284562476033616,0
2010-06-30,2.36,2.79,3.79,0.6299999999999999,29.91636371612549,-6.30494148365266,31.487354683699856,38.5,0.32679738562091387,0.1766666666666664,2.1126760563380254,4.503405549494255,0
2010-07-31,2.39,2.79,3.79,0.6299999999999999,25.565237862723215,-14.544300553001143,29.927175852809853,38.5,1.2087912087912045,0.09333333333333303,-2.758620689655178,7.198964972966381,0
2010-08-31,2.0,2.33,3.79,0.6299999999999999,24.745908997275613,-3.20485524072619,2.017300564847304,38.5,-0.4714510214772094,-0.0600000000000003,-36.87943262411347,9.003187663222489,0
2010-09-30,2.11,2.37,3.79,0.6299999999999999,22.51761899675642,-9.004680332270343,6.9782892964055065,38.5,-0.4390779363336983,-0.06666666666666697,-42.69662921348315,-3.526207184065644,0
2010-10-31,2.29,2.51,3.79,0.6299999999999999,20.3733332497733,-9.522701966366853,-0.6708254131789957,38.5,0.39303761931499537,-0.15666666666666695,54.90196078431373,-5.326718917189099,0
2010-11-30,2.36,2.64,3.79,0.6299999999999999,20.095714387439546,-1.3626580340595051,-8.11774899770284,38.5,-1.2166859791425289,-0.16666666666666696,77.21518987341771,-13.16231545866775,0
2010-12-31,2.69,3.18,3.79,0.6299999999999999,17.569545529105447,-12.570684523228671,-24.56050113949818,38.5,-1.6383850204798156,-0.07333333333333363,8.571428571428585,-7.1154065701974245,0
2011-01-31,2.84,3.27,3.79,0.6299999999999999,17.31549987792969,-1.445943213243106,10.23973030080028,38.75,0.40840140023337135,-0.026666666666666963,-5.921052631578949,-5.254442328692366,0
2011-02-28,2.73,3.27,3.79,0.6299999999999999,17.4299999036287,0.6612574081384492,-10.991983178706532,38.75,-2.132845825716023,-0.0900000000000003,4.195804195804209,-4.519224451386239,1
2011-03-31,2.67,3.38,3.79,0.6299999999999999,20.72347815140434,18.89545763617577,-6.594305866215073,38.75,0.8695652173912993,0.016666666666666368,10.738255033557031,-1.6906675413776329,1
2011-04-30,2.71,3.28,3.79,0.6299999999999999,16.244000005722047,-21.615474549955017,-7.348073303532956,38.75,4.464831804281344,-0.1500000000000003,-7.2727272727272645,1.472579864337753,1
2011-05-31,2.6,2.99,3.79,0.6299999999999999,16.911428587777273,4.108769895469844,27.931576956914213,38.75,-2.8735632183908066,-0.13666666666666696,-15.032679738562093,6.652180216973158,1
2011-06-30,2.73,3.15,3.79,0.6299999999999999,19.15318202972412,13.25584902724939,-2.3740486811826784,38.75,0.1796407185628679,-0.2700000000000003,-5.384615384615388,3.8158272216844535,1
2011-07-31,2.46,2.72,3.79,0.6299999999999999,19.22749991416931,0.3880184730132852,0.8946164597352606,38.75,-0.7242003621001802,-0.05333333333333363,6.50406504065042,1.6705842558565664,0
2011-08-31,2.03,2.21,3.79,0.6299999999999999,35.02913035517154,82.18244967645293,-10.606645024050673,38.75,0.18348623853210455,0.06333333333333305,25.190839694656475,4.779073189158101,0
2011-09-30,1.67,1.9,3.79,0.6299999999999999,36.52999977838425,4.284632270327338,11.63422431647631,38.75,-0.17921146953404632,-0.030000000000000294,-15.85365853658537,8.54828717217535,0
2011-10-31,1.92,2.16,3.79,0.6299999999999999,32.82904770260765,-10.131267720309566,31.127564418617656,38.75,-0.37197768133911957,-0.03333333333333363,13.043478260869579,3.2614835965854683,0
2011-11-30,1.83,2.07,3.79,0.6299999999999999,31.941904703776043,-2.7023110961611696,7.339438963442177,38.75,-0.12828736369467908,-0.15333333333333363,16.025641025641036,0.16804303618909167,0
2011-12-31,1.64,1.87,3.79,0.6299999999999999,25.047619047619047,-21.58382763987766,15.762844208819487,38.75,-0.7289595758780631,0.029999999999999732,-4.41988950276243,-1.1287883201386517,0
2012-01-31,1.61,1.77,3.79,0.6299999999999999,20.227999877929687,-19.241825582409998,-11.689495610121057,30.75,-0.26402640264026056,0.09999999999999971,13.87283236994219,-2.721104345099623,0
2012-02-29,1.68,1.9,3.79,0.6299999999999999,18.420499992370605,-8.935633263134457,13.070513996056128,30.75,-0.4794520547945158,0.21666666666666637,-4.060913705583758,-9.195619751990014,0
2012-03-31,1.9,2.16,3.79,0.6299999999999999,16.16727287119085,-12.232171342325104,25.004292860272464,30.75,-1.15254237288136,-0.006666666666666969,2.645502645502651,-14.021322223041444,0
2012-04-30,1.68,1.85,3.79,0.6299999999999999,17.822999906539916,10.241226510746149,8.203866847450833,30.75,0.9253139458030413,-0.1100000000000003,-6.185567010309267,-4.580849226642014,0
2012-05-31,1.32,1.52,3.79,0.6299999999999999,21.001818136735395,17.835483627136494,0.9299016990293794,30.75,0.60606060606061,-0.16666666666666696,-4.94505494505495,3.906017818153651,0
2012-06-30,1.34,1.58,3.79,0.6299999999999999,21.130952290126256,0.6148713056655986,-7.067295070254531,30.75,-0.32808398950131545,-0.14666666666666697,-13.294797687861271,7.226236467145098,0
2012-07-31,1.28,1.4,3.79,0.6299999999999999,17.565238180614653,-16.874365435852766,8.329790276560423,30.75,0.0,-0.2600000000000003,-2.0000000000000018,8.866645936010142,0
2012-08-31,1.35,1.48,3.79,0.6299999999999999,15.689565119536027,-10.678324095534641,0.3237468031240595,30.75,0.33602150537634934,-0.35333333333333367,-2.0408163265306145,-2.84023673552789,0
2012-09-30,1.42,1.55,3.79,0.6299999999999999,15.284736834074321,-2.5802390466363567,-1.7914866788661854,30.75,0.3261578604044413,-0.2800000000000003,12.500000000000021,-5.095736309194487,0
2012-10-31,1.42,1.61,3.79,0.6299999999999999,16.276190576099214,6.486560761809401,-4.565918808048046,30.75,-0.8075370121130576,-0.27333333333333365,12.345679012345666,-3.878736119856041,0
2012-11-30,1.37,1.54,3.79,0.6299999999999999,16.70190484183175,2.615564518872593,16.232685256584997,30.75,1.5180265654648917,-0.030000000000000287,-24.725274725274726,-0.20221044710839742,0
2012-12-31,1.53,1.73,3.79,0.6299999999999999,17.306999826431273,3.6229100233165834,-19.461140531706477,30.75,-0.9071877180739651,0.053333333333333045,15.328467153284663,-0.8888602253980915,0
2013-01-31,1.75,1.95,3.79,0.6299999999999999,13.505238124302455,-21.96661316378338,19.238217394764742,28.75,0.28409090909091717,0.02999999999999971,8.227848101265822,-3.1067037551534726,0
2013-02-28,1.64,1.78,3.79,0.6299999999999999,14.07263163516396,4.201284758100554,0.7475114568583052,28.75,-1.671309192200554,0.01333333333333304,16.959064327485372,1.2080277264512773,0
2013-03-31,1.62,1.8,3.79,0.6299999999999999,13.031500005722046,-7.398272451333043,0.1688550390698822,28.75,2.52890173410405,-0.12000000000000029,-9.999999999999998,4.474962140227112,0
2013-04-30,1.48,1.65,3.79,0.6299999999999999,13.967272715135055,7.180851851299663,10.385738377394231,28.75,-3.070481507327283,-0.10666666666666695,-5.000000000000004,4.644016325899791,0
2013-05-31,1.86,2.12,3.79,0.6299999999999999,13.493636304681951,-3.3910443370942955,-0.6510667479522851,28.75,1.6070124178232392,-0.13666666666666694,-2.3391812865497075,-4.960474467141629,0
2013-06-30,2.16,2.48,3.79,0.6299999999999999,17.271499919891358,27.997372464371107,12.638846664224928,28.75,-0.4338394793926281,-0.09666666666666694,-6.586826347305386,-5.477530810450371,0
2013-07-31,2.29,2.56,3.79,0.6299999999999999,13.97454565221613,-19.08898638200014,0.7438855160828695,28.75,-0.4316546762589968,-0.17333333333333364,-1.2820512820512886,-7.248189394658555,0
2013-08-31,2.39,2.75,3.79,0.6299999999999999,14.209999908100475,1.6848795069555944,22.449659457281196,28.75,-1.0432190760059634,-0.12000000000000031,8.441558441558428,-2.3735985007085847,0
2013-09-30,2.31,2.62,3.79,0.6299999999999999,14.692000102996825,3.39197887412781,-2.7885100195166004,28.75,-0.47543581616481534,-0.040000000000000306,4.790419161676662,-6.172476296655893,0
2013-10-31,2.26,2.53,3.79,0.6299999999999999,15.407826050468113,4.872215780377487,16.76313996227542,28.75,1.9914651493598834,0.13666666666666638,-20.571428571428573,-4.949116287291155,0
2013-11-30,2.47,2.69,3.79,0.6299999999999999,12.923999977111816,-16.120548513596667,-3.422591391960637,28.75,-2.257336343115124,0.13666666666666638,10.79136690647482,-5.460872977703879,0
2013-12-31,2.66,2.97,3.79,0.6299999999999999,14.192380905151367,9.814151425919482,-5.539933797654548,28.75,1.4662756598240456,0.05333333333333306,-2.5974025974025983,-4.202797149240145,0
2014-01-31,2.33,2.65,3.79,0.6299999999999999,14.240952400934129,0.3422364161965952,-1.7883537997580774,30.5,0.615858352578913,-0.1833333333333336,23.33333333333334,-2.575020076992718,0
2014-02-28,2.33,2.61,3.79,0.6299999999999999,15.470000116448654,8.630375840831462,-0.9398412006790124,30.5,0.07462686567163423,-0.1366666666666669,-23.783783783783797,-1.7048315772459466,0
2014-03-31,2.29,2.68,3.79,0.6299999999999999,14.836666742960611,-4.0939454991641755,2.5459030742628883,30.5,0.8627450980392082,0.07333333333333307,5.673758865248235,4.55904218525256,0
2014-04-30,2.25,2.64,3.79,0.6299999999999999,14.198095321655273,-4.304008658874226,-11.047485060991704,30.5,1.1755485893417017,0.3233333333333331,20.134228187919454,6.740110265273702,0
2014-05-31,2.11,2.44,3.79,0.6299999999999999,12.475238028026762,-12.134425460581099,-18.277076425151677,30.5,-1.0342084327764511,0.21666666666666637,3.3519553072625774,6.1416542826009834,0
2014-06-30,2.06,2.49,3.79,0.6299999999999999,11.541428565979004,-7.485303766949136,7.4824317522680275,30.5,-0.31796502384737746,0.10333333333333306,5.405405405405395,1.0093001714835736,0
2014-07-31,2.05,2.55,3.79,0.6299999999999999,12.296363613822244,6.541088423564689,22.834279047650785,30.5,-0.4125412541254092,0.1866666666666664,-1.538461538461544,-7.37964486352467,0
2014-08-31,1.87,2.32,3.79,0.6299999999999999,13.497142927987236,9.765320479098438,9.114318683919445,30.5,0.6628003314001596,0.06999999999999972,-9.375,-4.529805561328626,0
2014-09-30,1.94,2.5,3.79,0.6299999999999999,13.466666630336217,-0.22579813975166507,18.62629403930007,30.5,-1.0896898575020963,0.02666666666666638,13.218390804597702,-1.8879238679604615,0
2014-10-31,1.85,2.34,3.79,0.6299999999999999,18.01608711740245,33.78282549014617,12.846090328171435,30.5,0.08665511265164572,-0.06000000000000028,3.5532994923857864,5.702837498884961,0
2014-11-30,1.71,2.16,3.79,0.6299999999999999,13.41315786462081,-25.548995310615965,30.11429833544208,30.5,0.9425878320479919,0.1066666666666664,-14.70588235294118,3.948062484055015,0
2014-12-31,1.5,2.13,3.79,0.6299999999999999,16.3118182962591,21.61057419061574,10.372324567352694,30.5,-0.5244755244755206,0.12333333333333306,16.09195402298851,2.789724170539376,0
2015-01-31,1.21,1.66,3.79,0.6299999999999999,19.119499969482423,17.21256099246291,-2.2254431073935805,44.0,-1.1235955056179803,0.023333333333333057,-15.841584158415845,3.077183296621877,0
2015-02-28,1.37,1.98,3.79,0.6299999999999999,15.904210492184287,-16.816807355998943,2.810876855839925,44.0,3.0795551753635575,-0.22666666666666693,0.0,-3.3773789908478236,0
2015-03-31,1.38,1.91,3.79,0.6299999999999999,14.812727277929133,-6.862856944653339,2.1821232268357065,44.0,-4.054054054054057,-0.24333333333333362,0.0,-4.122989281371792,0
2015-04-30,1.47,2.04,3.79,0.6299999999999999,13.494761875697545,-8.897520203422282,22.914337756841498,44.0,0.0,-0.15666666666666693,0.588235294117645,-9.247206361947846,0
2015-05-31,1.51,2.11,3.79,0.6299999999999999,13.3385000705719,-1.1579441457729933,-23.216877348622795,44.0,0.7305936073059405,-0.11000000000000028,10.526315789473673,-2.419381440446833,0
2015-06-30,1.71,2.34,3.79,0.6299999999999999,14.33954551003196,7.504932594847147,-7.760036418748484,44.0,0.0,-0.16000000000000028,-11.111111111111105,-4.267565352737012,0
2015-07-31,1.53,2.12,3.79,0.6299999999999999,14.35272723978216,0.09192571508613856,30.857091760543533,44.0,-0.53715308863026,-0.04333333333333363,9.523809523809534,-1.1817689344109317,0
2015-08-31,1.47,2.13,3.79,0.6299999999999999,19.42809536343529,35.36169843446535,14.152663888242136,44.0,0.8204193254329972,-0.023333333333333633,-4.34782608695653,0.5507544987094715,0
2015-09-30,1.42,2.06,3.79,0.6299999999999999,24.3771428607759,25.473662779394136,26.22846436330933,44.0,-0.6451612903225823,-0.016666666666666958,1.1363636363636465,4.519806389684344,0
2015-10-31,1.41,2.08,3.79,0.6299999999999999,16.789545449343596,-31.12586842013034,12.75035429251104,44.0,0.7547169811320753,-0.22000000000000028,-10.67415730337078,-1.9263339228648646,0
2015-11-30,1.27,1.99,3.79,0.6299999999999999,16.209999990463256,-3.451823401824128,7.838036931093519,44.0,-0.9225092250922495,-0.24666666666666695,-2.515723270440251,-4.563882037573164,0
2015-12-31,1.21,2.11,3.79,0.6299999999999999,18.02545473792336,11.199597461617405,0.2829797566861032,44.0,1.0251630941286116,-0.3066666666666669,5.161290322580636,-1.093399415695373,0
2016-01-31,1.18,1.61,3.79,0.6299999999999999,23.717894805105107,31.580008104902603,-7.903438192850373,40.25,0.8064516129032251,-0.19000000000000028,-14.110429447852757,10.240111116461092,0
2016-02-29,0.96,1.41,3.79,0.6299999999999999,22.516999816894533,-5.063244432436265,-19.117730278211404,40.25,-1.2037037037037068,-0.14666666666666694,22.857142857142865,12.447544479965277,0
2016-03-31,1.05,1.57,3.79,0.6299999999999999,15.849090966311367,-29.612776590157562,-13.68330851704459,40.25,0.19029495718363432,-0.15666666666666695,-6.3953488372092915,5.992826646645599,0
2016-04-30,1.06,1.61,3.79,0.6299999999999999,14.300476255871,-9.771000202674607,7.962343931898474,40.25,0.47528517110266844,-0.22000000000000028,-3.105590062111807,-0.946310839925224,0
2016-05-31,0.97,1.5,3.79,0.6299999999999999,14.852857044764928,3.86267407469838,-8.549611334048144,40.25,-1.3477088948787075,-0.2600000000000003,-8.333333333333337,-2.569725100441511,0
2016-06-30,0.91,1.23,3.79,0.6299999999999999,17.774545496160332,19.67088515421476,2.7082547925503064,40.25,-0.09416195856873921,-0.10666666666666692,1.3986013986013957,6.442018605669841,0
2016-07-31,0.79,1.18,3.79,0.6299999999999999,13.158500051498413,-25.96997737950082,-0.9463306637056448,40.25,1.06692531522794,-0.05666666666666692,3.4482758620689724,0.25199415515435586,0
2016-08-31,0.78,1.25,3.79,0.6299999999999999,12.399565240611201,-5.767639228764443,-7.403145106278586,40.25,-0.47214353163361755,-0.013333333333333605,2.6666666666666616,-0.7578101020507377,0
2016-09-30,0.83,1.31,3.79,0.6299999999999999,14.219523793175107,14.67759971618323,4.282282322078601,40.25,-1.3725490196078383,-0.08666666666666693,-11.688311688311682,-9.504168540989145,0
2016-10-31,0.98,1.5,3.79,0.6299999999999999,14.58523804800851,2.571916332450841,34.05807573946549,40.25,1.9723865877712132,-0.12666666666666693,-6.61764705882354,-1.7296401831960129,0
2016-11-30,1.26,1.89,3.79,0.6299999999999999,15.236190387180873,4.463090263111913,22.64061430107315,40.25,-1.0070493454179208,-0.12666666666666695,33.858267716535416,-7.563585851753207,0
2016-12-31,1.25,1.94,3.79,0.6299999999999999,12.472380956013998,-18.139766968862737,1.0426271509085971,40.25,-0.3933136676499527,0.029999999999999732,-4.70588235294117,-3.485140545360732,0
2017-01-31,1.26,1.93,3.79,0.6299999999999999,11.608500003814697,-6.9263515542535625,35.17768637868811,33.75,-0.3064351378958108,0.01666666666666639,6.790123456790109,-7.677920693002638,0
2017-02-28,1.14,1.83,3.79,0.6299999999999999,11.530526361967388,-0.6716943775826878,13.559161252008206,33.75,-2.125398512221044,0.05999999999999973,-8.670520231213864,2.563187017511992,0
2017-03-31,1.13,1.64,3.79,0.6299999999999999,11.897826111834982,3.18545518510851,6.128269608936144,33.75,1.6304347826086918,-0.060000000000000275,9.493670886075932,-3.011740616442138,0
2017-04-30,1.01,1.49,3.79,0.6299999999999999,13.136315847698011,10.409378353841303,-9.908688806187158,33.75,1.764057331863289,0.08999999999999973,-8.092485549132943,-1.8027426136913327,0
2017-05-31,0.93,1.23,3.79,0.6299999999999999,10.862272782759232,-17.31111744954944,11.76479545054286,33.75,2.2459893048128343,0.1266666666666664,-10.691823899371078,-2.952311409129038,0
2017-06-30,0.93,1.28,3.79,0.6299999999999999,10.513636328957297,-3.209608714258183,2.669851419531604,33.75,-0.6012024048096198,0.17333333333333303,7.042253521126773,-0.8981279384914442,0
2017-07-31,0.96,1.23,3.79,0.6299999999999999,10.264499998092651,-2.3696495015569363,-22.879842817058677,33.75,-1.0901883052527261,0.006666666666666386,-5.921052631578949,-1.2965352464921143,0
2017-08-31,0.79,1.11,3.79,0.6299999999999999,11.97565215566884,16.67058461585227,-2.150596194111486,33.75,0.2022244691607611,0.0033333333333330525,-2.7972027972028024,-1.8721862867372985,0
2017-09-30,0.86,1.27,3.79,0.6299999999999999,10.437999963760376,-12.839820094311904,11.899349229824146,33.75,-3.3575317604355726,0.009999999999999712,-13.669064748201432,-3.5916083133331833,0
2017-10-31,0.78,1.23,3.79,0.6299999999999999,10.125454512509434,-2.994304007818227,1.2189517290810628,33.75,-1.9230769230769273,0.24333333333333307,32.500000000000014,-5.660139174805002,0
2017-11-30,0.64,1.15,3.79,0.6299999999999999,10.540476163228353,4.098795270930156,-0.7871584465442396,33.75,0.2022244691607611,0.3166666666666664,-8.80503144654089,-5.15863520212263,0
2017-12-31,0.51,1.01,3.79,0.6299999999999999,10.264500045776368,-2.618250951648271,4.79568685315143,33.75,0.7253886010362587,0.3233333333333331,2.0689655172413834,-5.141323719894597,0
2018-01-31,0.58,1.26,3.79,0.6299999999999999,11.062381017775763,7.773208324235026,-3.769612022847959,54.75,-2.0811654526534884,0.06666666666666637,4.729729729729737,-9.856362636038906,0
2018-02-28,0.62,1.22,3.79,0.6299999999999999,22.464736637316253,103.07324979331693,-14.31761654676589,54.75,-1.3392857142857095,0.14666666666666636,7.096774193548372,-14.483814376879723,0
2018-03-31,0.47,1.01,3.79,0.6299999999999999,19.023809750874836,-15.317014136394025,15.113669453958472,54.75,0.4459308807134965,0.11333333333333302,1.8072289156626509,-8.659872134211156,0
2018-04-30,0.46,1.08,3.79,0.6299999999999999,18.26761904216948,-3.974969885674884,25.75346803881868,54.75,-2.5302530253025313,0.3199999999999997,-5.917159763313606,-4.323515715782811,0
2018-05-31,0.43,0.9,3.79,0.6299999999999999,14.124545487490566,-22.679877137326578,14.673545378854598,54.75,1.4908256880733939,0.11666666666666636,-1.2578616352201255,-5.344917654833714,0
2018-06-30,0.33,0.92,3.79,0.6299999999999999,13.678095318022228,-3.1608108725603823,-19.5089294753222,54.75,0.5649717514124353,0.15666666666666637,-1.273885350318471,-7.276841910495091,1
2018-07-31,0.29,0.93,3.79,0.6299999999999999,13.147619065784273,-3.8782903606396246,-7.108449495510989,54.75,-2.4447031431897526,0.04333333333333302,-12.25806451612903,-2.2413897877630706,1
2018-08-31,0.24,0.75,3.79,0.6299999999999999,12.546956518422002,-4.568603215204581,-1.0595823591561953,54.75,0.48192771084336616,0.1899999999999997,7.352941176470584,-1.911967061506048,1
2018-09-30,0.24,0.86,3.79,0.6299999999999999,12.910526325828151,2.897673287321423,-0.9240494648899896,54.75,1.1029411764705843,0.12333333333333303,-14.383561643835618,-3.685147829649238,1
2018-10-31,0.28,0.81,3.79,0.6299999999999999,19.352173639380414,49.89453683747522,17.337861608949,54.75,0.7092198581560183,0.03666666666666635,4.800000000000004,6.976779617635021,1
2018-11-30,0.21,0.64,3.79,0.6299999999999999,19.389047622680664,0.1905418170970341,14.59306946631044,54.75,2.386363636363642,-0.06000000000000031,-23.664122137404586,13.54878680724797,1
2018-12-31,0.21,0.24,3.79,0.6299999999999999,24.953157726087067,28.69718106678789,-17.24918387756619,54.75,0.6779661016949046,-0.11000000000000032,-1.0000000000000009,13.107349648150324,0
2019-01-31,0.18,0.22,3.79,0.6299999999999999,19.57238079252697,-21.563511089960407,23.086865187714857,37.0,-0.4469273743016755,-0.16000000000000034,1.0101010101010166,-1.1032490292111508,0
2019-02-28,0.21,0.28,3.79,0.6299999999999999,15.234736844112998,-22.162065996948876,-3.8717562501566007,37.0,-1.439645625692132,-0.3000000000000003,10.000000000000009,-3.944905128183618,0
2019-03-31,0.14,0.01,3.79,0.6299999999999999,14.485238075256348,-4.919669939335192,14.219990952338229,37.0,-1.5186915887850483,-0.2900000000000003,9.090909090909083,-6.096886654291933,0
2019-04-30,0.24,0.08,3.79,0.6299999999999999,12.949047588166737,-10.605213936481505,0.0500543444516061,37.0,2.5672371638141733,-0.3400000000000003,16.666666666666675,-5.472701564042981,0
2019-05-31,0.19,-0.21,3.79,0.6299999999999999,16.721818056973543,29.135505473425603,24.120746210007244,37.0,-0.22831050228310223,-0.19666666666666702,-1.4285714285714346,1.5999353126773919,0
2019-06-30,0.25,-0.12,3.79,0.6299999999999999,15.835999870300293,-5.29737964888235,-5.0482910400739485,37.0,0.33333333333334103,-0.15000000000000033,-19.565217391304333,-1.4016031689239261,0
2019-07-31,0.13,-0.06,3.79,0.6299999999999999,13.30590907010165,-15.976830139685172,-7.906483474774291,37.0,-2.3419203747072626,-0.10000000000000032,17.117117117117118,1.544656563800273,0
2019-08-31,0.0,-0.49,3.79,0.6299999999999999,18.979090907356955,42.63655949673466,-12.488026792739088,37.0,0.8333333333333304,-0.05000000000000033,1.538461538461533,0.15386480232697508,0
2019-09-30,0.05,-0.2,3.79,0.6299999999999999,15.558999872207641,-18.020310097274294,-22.293855017703216,37.0,0.0,-0.206666666666667,13.636363636363624,5.042847815955076,1
2019-10-31,0.17,0.15,3.79,0.6299999999999999,15.466521760691768,-0.5943705397225663,0.5719572089635712,37.0,0.0,-0.34666666666666696,-6.000000000000005,3.389022792674745,1
2019-11-30,0.17,0.19,3.79,0.6299999999999999,12.523499965667725,-19.02833643245986,21.52338070333885,37.0,1.9079685746352437,-0.33666666666666695,-2.127659574468088,-3.80274791616666,1
2019-12-31,0.34,0.37,3.79,0.6299999999999999,13.756666637602306,9.846821378330484,-8.545420944133404,37.0,0.0,-0.31000000000000033,7.246376811594213,-5.802587553047367,1
2020-01-31,0.18,-0.04,3.79,0.6299999999999999,13.94095243726458,1.3396108557181208,-4.484980862556817,68.5,-2.378255945639862,-0.13333333333333366,6.081081081081097,-2.726557687997122,1
2020-02-29,0.27,-0.14,3.79,0.6299999999999999,19.628947358382376,40.80061923110516,22.25255037570955,68.5,0.9569377990430672,-0.17666666666666697,9.554140127388532,-1.294535006300801,1
2020-03-31,0.47,0.59,3.79,0.6299999999999999,57.7368184002963,194.14118519014866,20.74377109162388,68.5,158.7534626038781,-1.5200000000000002,9.554140127388532,4.240870449456136,0
2020-04-30,0.44,0.55,3.79,0.6299999999999999,41.45380964733305,-28.20212336618757,-19.352098369324693,68.5,-11.818654564364394,-7.539999999999999,9.554140127388532,-5.088092070132122,0
2020-05-31,0.49,0.51,3.79,0.6299999999999999,30.89700002670288,-25.46644014251498,-3.7306687853301694,68.5,-12.537928045080193,-5.976666666666667,9.554140127388532,-8.593509709987934,0
2020-06-30,0.5,0.5,3.79,0.6299999999999999,31.11954550309615,0.7202818273648992,37.13018113114983,68.5,-3.136171595710102,-2.4100000000000006,9.554140127388532,-23.87829060657223,0
2020-07-31,0.44,0.46,3.79,0.6299999999999999,26.840454621748492,-13.750492856400875,11.029398982893284,68.5,-3.2517482517482543,4.573333333333332,9.554140127388532,-11.226079166356717,0
2020-08-31,0.58,0.61,3.79,0.6299999999999999,22.88952382405599,-14.720059154628151,10.366987803896702,68.5,-4.368801929777543,3.406666666666666,9.554140127388532,-15.688500835106844,0
2020-09-30,0.56,0.59,3.79,0.6299999999999999,27.647619065784273,20.787218110355422,2.6087092572200845,68.5,-2.4620669911251114,1.4666666666666657,9.554140127388532,-5.063192422557816,0
2020-10-31,0.74,0.79,3.79,0.6299999999999999,29.438636086203836,6.4780153985702915,29.56824820314572,68.5,-0.3745318352059934,0.9233333333333321,9.554140127388532,-1.7797503874733778,0
2020-11-30,0.68,0.76,3.79,0.6299999999999999,24.995500087738037,-15.092873139418428,-8.459443714441889,68.5,-1.1838211114764907,0.5966666666666655,9.554140127388532,1.1476789784909736,0
2020-12-31,0.8,0.84,3.79,0.6299999999999999,22.374090974981133,-10.48752416857177,-7.904167665714439,68.5,1.08728480821505,0.6566666666666655,9.554140127388532,-4.289696962994705,0
2021-01-31,1.0,1.05,3.79,0.6299999999999999,24.90999984741211,11.334131407915727,3.4409153213286494,49.0,0.0,0.6066666666666655,9.554140127388532,-12.151841452454804,0
2021-02-28,1.3,1.4,3.79,0.6299999999999999,23.140526219418174,-7.103467036663858,30.594846111333126,49.0,-3.1740942609810863,-0.1000000000000012,9.554140127388532,-9.322000765415073,0
2021-03-31,1.58,1.71,3.79,0.6299999999999999,21.843043534652047,-5.606971390639148,10.71056012542232,49.0,-1.6893132574366532,0.4733333333333321,9.554140127388532,-1.4935471230427266,0
2021-04-30,1.49,1.64,3.79,0.6299999999999999,17.416190556117467,-20.2666490661513,-16.50984814070383,49.0,-3.4426229508196737,0.22666666666666546,9.554140127388532,-0.8797895640747511,0
2021-05-31,1.44,1.57,3.79,0.6299999999999999,19.7604998588562,13.460517069935761,0.4953528378220753,49.0,-4.689942678478376,0.9166666666666655,9.554140127388532,5.633401677599736,0
2021-06-30,1.2,1.4,3.79,0.6299999999999999,16.956818147139117,-14.188313715457646,31.71057093565017,49.0,-3.4767236299351745,0.22666666666666554,9.554140127388532,-6.636789580891489,0
2021-07-31,1.05,1.18,3.79,0.6299999999999999,17.60333351861863,3.812716311925479,6.239155335546556,49.0,0.5438477226376692,0.4366666666666655,9.554140127388532,-2.7262854327227526,0
2021-08-31,1.1,1.26,3.79,0.6299999999999999,17.47772723978216,-0.71353689176894,2.595616250175105,49.0,-1.774744027303754,0.34666666666666557,9.554140127388532,-6.500448436092321,0
2021-09-30,1.24,1.48,3.79,0.6299999999999999,19.8247617994036,13.428717174846438,10.74335355603978,49.0,1.5748031496062964,0.19333333333333216,9.554140127388532,-1.091170099449379,0
2021-10-31,1.07,1.5,3.79,0.6299999999999999,17.869047573634557,-9.86500743644687,20.057682535887423,49.0,-4.392764857881137,0.2533333333333322,9.554140127388532,-7.951112032147445,0
2021-11-30,0.91,1.38,3.79,0.6299999999999999,18.500476246788388,3.5336448154376754,34.14340495305972,49.0,-4.056795131845847,0.4833333333333322,9.554140127388532,-11.619580731736523,1
2021-12-31,0.79,1.46,3.79,0.6299999999999999,21.354545506564055,15.427004265747613,11.925828230247696,49.0,-0.4602991944764101,0.5833333333333321,9.554140127388532,-2.4346385163586337,1
2022-01-31,0.61,1.57,3.79,0.6299999999999999,23.18100004196167,8.553001209209498,-3.014582287467917,75.75,0.2072538860103723,0.25999999999999884,9.554140127388532,10.570406759600159,1
2022-02-28,0.39,1.48,3.79,0.6299999999999999,25.74842111687911,11.075540616323543,4.139600627489401,75.75,-2.5583982202447175,0.17666666666666553,9.554140127388532,17.293513420393147,1
2022-03-31,0.04,1.8,3.79,0.6299999999999999,26.968695682028066,4.739220939450206,11.390919795729946,75.75,0.7025761124121788,0.26333333333333214,9.554140127388532,9.633794769700765,1
2022-04-30,0.19,2.04,3.79,0.6299999999999999,24.37350015640259,-9.62299236204781,-18.111206095368168,75.75,0.47225501770955525,0.2766666666666655,9.554140127388532,15.087787124041707,1
2022-05-31,0.32,1.69,3.79,0.6299999999999999,29.445714587257022,20.810365348868576,-4.356769019290237,75.75,-2.2144522144522116,0.006666666666665526,9.554140127388532,13.906720571466824,1
2022-06-30,0.06,1.26,3.79,0.6299999999999999,28.100000018165225,-4.570154224323597,36.49312409341488,75.75,1.5531660692950977,-0.22000000000000117,9.554140127388532,18.4070309247504,1
2022-07-31,-0.22,0.26,3.79,0.6299999999999999,24.86850004196167,-11.499999907880976,14.949411559584746,75.75,1.6222479721900385,-0.15333333333333446,9.554140127388532,-2.0152801175772783,1
2022-08-31,-0.3,0.19,3.79,0.6299999999999999,22.169565366662066,-10.852824540063043,0.3526941189093193,75.75,-2.0361990950226283,-0.0033333333333344767,9.554140127388532,0.7330500947573593,0
2022-09-30,-0.39,0.5,3.79,0.6299999999999999,27.406190418061755,23.62078355976418,0.9736584901745609,75.75,-2.4691358024691357,0.07999999999999886,9.554140127388532,-5.564585037449399,0
2022-10-31,-0.41,-0.12,3.79,0.6299999999999999,30.005714416503906,9.485170900399797,5.970898626338396,75.75,-0.12330456226880004,0.026666666666665523,9.554140127388532,7.109417914449501,0
2022-11-30,-0.7,-0.69,3.79,0.6299999999999999,23.436190650576638,-21.894242125806084,-13.713044608652222,75.75,0.837320574162681,-0.18666666666666779,9.554140127388532,5.826266860291152,0
2022-12-31,-0.53,-0.54,3.79,0.6299999999999999,21.784285681588308,-7.048521637400507,5.696441943215241,75.75,-0.4784688995215336,-0.34000000000000113,9.554140127388532,13.837358453478288,0
2023-01-31,-0.69,-1.18,3.79,0.6299999999999999,20.202999973297118,-7.258836628403498,6.039616683290799,45.0,-0.6075334143377908,-0.16333333333333452,9.554140127388532,-2.201591382081536,0
2023-02-28,-0.89,-0.96,3.79,0.6299999999999999,20.06210537960655,-0.697394416060948,33.03868193660419,45.0,0.8215962441314506,-0.10666666666666785,9.554140127388532,-6.9749860656699525,0
2023-03-31,-0.58,-1.37,3.79,0.6299999999999999,21.644347895746645,7.886722186936912,1.9715251429550733,45.0,3.0371203599550034,-0.09000000000000118,9.554140127388532,-19.401193137393047,0
2023-04-30,-0.6,-1.66,3.79,0.6299999999999999,17.8178946344476,-17.67876435792729,-1.556472839071148,45.0,-0.4602991944764101,-0.2666666666666678,9.554140127388532,-1.2618277383626308,0
2023-05-31,-0.76,-1.88,3.79,0.6299999999999999,17.64409099925648,-0.9754442865270052,17.085983851416323,45.0,1.8018018018018056,-0.18333333333333449,9.554140127388532,-11.164370641576582,0
2023-06-30,-1.06,-1.62,3.79,0.6299999999999999,13.994285628909157,-20.685709286475152,-7.097139362133976,45.0,0.7028112449799284,-0.18333333333333454,9.554140127388532,-15.385063958210733,0
2023-07-31,-0.91,-1.58,3.79,0.6299999999999999,13.943999910354615,-0.3593303716101337,11.068299856357868,45.0,-1.0660980810234588,-0.15333333333333451,9.554140127388532,-19.76196439526555,0
2023-08-31,-0.76,-1.47,3.85,0.6299999999999999,15.853912975477135,13.697024364610378,3.5514701517264413,45.0,-0.40650406504064707,-0.15000000000000122,9.554140127388532,-9.980793206096939,0
2023-09-30,-0.44,-0.96,4.03,0.6299999999999999,15.241000032424926,-3.866004209814089,0.5504252934143956,45.0,-1.026225769669331,-0.02333333333333452,9.554140127388532,-2.121128946813866,0
2023-10-31,-0.19,-0.71,4.42,0.6299999999999999,18.887727303938433,23.92708656751634,-3.952898461087109,45.0,0.11904761904761862,-0.23666666666666783,9.554140127388532,0.08431898083740563,0
2023-11-30,-0.36,-1.08,3.84,-0.010000000000000231,14.077142897106352,-25.46936605670386,15.474500829842455,45.0,-0.45662100456621557,-0.1333333333333345,9.554140127388532,-3.8061555635388045,0
2023-12-31,-0.35,-1.52,3.39,-0.6400000000000001,12.718499994277954,-9.651410891820078,12.691266327414816,45.0,-1.7878426698450522,-0.1633333333333345,9.554140127388532,-8.142231274582024,0
2024-01-31,-0.28,-1.43,3.59,-0.8300000000000001,13.395238149733771,5.320895984277096,22.977222780461123,49.25,3.170731707317076,-0.3233333333333345,9.554140127388532,-9.901529960059797,0
2024-02-29,-0.39,-1.2,3.29,-0.5499999999999998,13.944000101089477,4.096694252252719,-5.656083867084135,49.25,-1.6393442622950838,-0.2833333333333345,9.554140127388532,-6.565869796464696,0
2024-03-31,-0.39,-1.26,3.15,-0.2400000000000002,13.787499904632568,-1.122347929735612,-12.097683258253204,49.25,1.172332942555676,-0.28666666666666785,9.554140127388532,0.27210358605396223,0
2024-04-30,-0.35,-0.77,3.18,-0.4099999999999997,16.137727087194268,17.04607215824552,1.4668550932591875,49.25,-1.8669778296382722,-0.08333333333333452,9.554140127388532,4.757964198765019,0
2024-05-31,-0.38,-0.95,3.2,-0.08999999999999986,13.090454535050826,-18.882910435147572,3.7973986677163296,49.25,1.4857142857142902,-0.11666666666666785,9.554140127388532,9.730567558202408,0
2024-06-30,-0.35,-1.12,3.21,0.06000000000000005,12.676842037000155,-3.1596496282324527,12.033887313196892,49.25,1.175213675213671,-0.14666666666666786,9.554140127388532,-2.2931694922286416,0
2024-07-31,-0.2,-1.32,3.25,0.06999999999999984,14.470000050284646,14.14514756948746,31.03384955279692,49.25,1.0649627263045858,-0.1500000000000012,9.554140127388532,-3.726961940086726,0
2024-08-31,0.0,-1.3,3.17,-0.03000000000000025,19.31227272207087,33.464220144843516,10.438768166480047,49.25,-0.7559395248380119,-0.23000000000000118,9.554140127388532,1.2131848762084951,0
2024-09-30,0.15,-0.92,3.03,-0.18000000000000016,17.768999814987183,-7.99115116741268,-18.00886631614972,49.25,0.0,-0.2533333333333345,9.554140127388532,7.67870933920114,0
2024-10-31,0.12,-0.36,2.88,-0.3700000000000001,19.96086958180303,12.335358149799337,3.462853244593191,49.25,-0.8394543546694666,-0.3100000000000012,9.554140127388532,2.3516933294856157,0
2024-11-30,0.05,-0.4,2.74,-0.4299999999999997,16.121000051498413,-19.236985215339352,4.306977482891018,49.25,0.11441647597254523,-0.30333333333333456,9.554140127388532,-8.192034645314571,0
2024-12-31,0.33,0.21,2.92,-0.10999999999999988,15.792000102996827,-2.0408160005619846,19.549164021346375,49.25,-1.1098779134295245,-0.09666666666666786,9.554140127388532,-13.301437681862438,0
